,Name,Price,Link
0,Compote Fraise 315g Bio,"6,02",https://www.naturalia.fr/produit/compote-fraise-315g
1,Compote de Pêche allégée 540g Bio,"7,64",https://www.naturalia.fr/produit/compote-peche-allegee-540g
2,Compote de Pêche 725G Bio,"9,13",https://www.naturalia.fr/produit/compote-peche-725g
3,Compote Pommes Family 935g Bio,"6,07",https://www.naturalia.fr/produit/compote-pommes-family-935g
4,Compote de Pomme & Châtaigne 700g +20% Bio,"5,15",https://www.naturalia.fr/produit/compote-pomme-chataigne-20
5,Compote de pomme & châtaigne 4x100G Bio,"4,20",https://www.naturalia.fr/produit/compot-pomme-chataigne-4x100g
6,Compote de pêches plates 315G Bio,"4,58",https://www.naturalia.fr/produit/compotes-peches-plates-315g
7,Compote Abricot 725G Bio,"8,93",https://www.naturalia.fr/produit/compote-abricot-725g
8,Compote de Pomme Maxi Format 1.050kg Bio,"7,09",https://www.naturalia.fr/produit/puree-pomme-1-05kg
9,Compote Pomme Poire Maxi Format 1.050kg Bio,"8,82",https://www.naturalia.fr/produit/puree-pomme-poire-1-05kg
10,Purée de carotte en gourde 120g Bio,"1,55",https://www.naturalia.fr/produit/gourde-puree-carotte-120g
11,Purée de Pomme et Banane sans sucres ajoutés 700g Bio,"6,07",https://www.naturalia.fr/produit/puree-pomme-banane-700g
12,Gourdes Fruits à boire 12M 8x120Ml Bio,"11,82",https://www.naturalia.fr/produit/gourdes-fruits-a-boire-8x12oml
13,4X90G Vitabio Cool Fruit/Pomme Bio,"4,58",https://www.naturalia.fr/produit/4x90g-vitabio-cool-frui-pomme
14,Dani'Pom Purée de Pomme & Châtaigne 700g Bio,"7,09",https://www.naturalia.fr/produit/pomme-chataigne-700g
15,Neo-Popote Pomme Rhubarbe 4x100g Bio,"4,90",https://www.naturalia.fr/produit/dessert-pom-rhub-4x100g
16,Gourde de Pêche dès 4M 120g Bio,"2,30",https://www.naturalia.fr/produit/grd-peche-120g
17,Purée de banane en gourde 120g Bio,"1,79",https://www.naturalia.fr/produit/gourde-puree-banane-120g
18,Gourde de Cerise dès 6M 120g Bio,"2,91",https://www.naturalia.fr/produit/grde-cerise-120g
19,Purée de pommes en gourde 120g Bio,"1,79",https://www.naturalia.fr/produit/gourde-puree-pomme-120g
20,Gourde de Figue dès 6M 120g Bio,"2,75",https://www.naturalia.fr/produit/grde-figue-120g
21,Dani'Pom Purée de Pomme & Fruits rouges 700g B...,"6,38",https://www.naturalia.fr/produit/puree-pomme-fruits-rouges-700g
22,Gourde de Mirabelle dès 6M 120g Bio,"2,75",https://www.naturalia.fr/produit/grde-mirabelles-120g
23,Gourde de Fraise dès 6M 120g Bio,"2,45",https://www.naturalia.fr/produit/grde-fraise-120g
24,Pollen multifloral 440g Bio,"23,65",https://www.naturalia.fr/produit/pollen-hongrie-440g
25,Granola Sésame & Noisettes 350g Bio,"8,11",https://www.naturalia.fr/produit/granola-sesame-noisette-350g
26,Gourde de Myrtilles dès 4M 120g Bio,"2,86",https://www.naturalia.fr/produit/grde-myrtilles-120g
27,Gourde d'Abricot dès 4M 120g Bio,"2,30",https://www.naturalia.fr/produit/grde-abricot-120g
28,Flakes pétales sarrasin érable 325g Bio,"6,11",https://www.naturalia.fr/produit/flakes-sarasin-erable-325g
29,Gourde la nectarine et fraises dès 4-6mois 120g Bio,"2,60",https://www.naturalia.fr/produit/gourde-nectarine-fraise-120g
30,Krounchy chocolat noir pécan 450g Bio,"7,80",https://www.naturalia.fr/produit/krounchy-chocn-pecan-450g
31,Super flakes duo chocolat 375g Bio,"5,46",https://www.naturalia.fr/produit/flakes-duo-choco-375g
32,Gourde Pomme Framboise dès 4M 120g Bio,"1,94",https://www.naturalia.fr/produit/compote-de-fruit-pour-bebe-en
33,Gourdes fruits pomme 12x90g Bio,"10,15",https://www.naturalia.fr/produit/cool-fruits-pomme-90g-3743090
34,Poki pomme fraise sans sucres ajoutés 4x90G Bio,"4,64",https://www.naturalia.fr/produit/poki-pomme-fraise-4x90g
35,Cool Fruits Pomme Banane & Acerola 4x90G Bio,"4,58",https://www.naturalia.fr/produit/4x90g-vitabio-col-frui-pom-ban
36,Cool Fruits Pomme Poire & Acérola 4x90G Bio,"4,58",https://www.naturalia.fr/produit/4x90g-vitabio-cool-frt-poire
37,Cool Fruits Pomme Fraise Myrtille & Acerola 4x90G B...,"4,58",https://www.naturalia.fr/produit/360g-vitabio-cool-frts-rouges
38,Gourdes fruits pomme pêche abricot 12x90g Bio,"11,17",https://www.naturalia.fr/produit/cool-fruits-pomme-peche-abrico
39,Gourdes fruits pomme poire 12x90g Bio,"12,39",https://www.naturalia.fr/produit/cool-fruits-pom-poire-90g-3743085
40,Gourdes fruits pomme banane 12x90g Bio,"11,17",https://www.naturalia.fr/produit/cool-fruit-pom-banane-90g-3743099
41,Gourdes fruits pomme mangue ananas 12x90g Bio,"11,17",https://www.naturalia.fr/produit/cool-fruits-mangue-90g-3743095
42,Purée de Pomme Vanille 4x100g Bio,"4,85",https://www.naturalia.fr/produit/puree-pomme-vanille-4x100g
43,Cool Fruits Pomme Pêche Abricot & Acerola 4x90G Bio,"4,58",https://www.naturalia.fr/produit/360g-vitabio-cool-frt-jaunes
44,Gourdes 100% Fruits 4/6M 8X90G Bio,"10,80",https://www.naturalia.fr/produit/gourdes-fruits-4m-8x90g
45,Gourdes Fruits 100% fruits 6M 8x90g Bio,"10,80",https://www.naturalia.fr/produit/gourdes-fruits-6m-8x90g
46,Cannelle en poudre 35g Bio,"2,24",https://www.naturalia.fr/produit/canelle-de-ceylan-moulue-35g-c
47,Huile essentielle de cannelle écorce 60% 5Ml Bio,"20,90",https://www.naturalia.fr/produit/cannelier-ecorce-60-5ml
48,Barre énergétique crunchy cacahuète 50g Bio,"3,77",https://www.naturalia.fr/produit/barre-extra-cacahuete
49,Barre énergétique mangue cajou 50g Bio,"3,77",https://www.naturalia.fr/produit/barre-extra-mangue
50,Sirop de yacon vanille 200g Bio,"11,21",https://www.naturalia.fr/produit/sirop-yacon-vanille-200
51,Herbe d'orge en poudre 125G Bio,"12,24",https://www.naturalia.fr/produit/poudre-d-herbe-d-orge-125g
52,Purée Pommes Poires sans sucres ajoutés 705G Bio,"4,07",https://www.naturalia.fr/produit/puree-pommes-poires-705g
53,Purée de pommes sans sucres ajoutés 705G Bio,"3,29",https://www.naturalia.fr/produit/puree-pommes-705g
54,Dessert Pomme Banane 4x100g Bio,"4,20",https://www.naturalia.fr/produit/dessert-pom-banane-4x100g
55,Cool Fruits Pomme mangue ananas 4x90G Bio,"4,58",https://www.naturalia.fr/produit/4x90gvit-col-fr-pom-mang-anan
56,Poki Bio Panache sans sucres ajoutés 8x90g Bio,"9,13",https://www.naturalia.fr/produit/poki-panache-8x90g
57,Dani'Pom Purée de Pomme 700g Bio,"5,46",https://www.naturalia.fr/produit/puree-pomme-700g
58,Purée pomme & banane +20% Gratuit 840G Bio,"5,05",https://www.naturalia.fr/produit/puree-pomme-banane-20-840g
59,Dessert Pomme sans sucres ajoutés 4x100g Bio,"3,35",https://www.naturalia.fr/produit/dessert-pomme-4x100g
60,Purée de Pomme Abricot 4x100g Bio,"4,05",https://www.naturalia.fr/produit/dessert-pom-abricot-4x100g
61,Purée de cacahuètes 350g Bio,"4,95",https://www.naturalia.fr/produit/puree-de-cacahuetes-350g
62,Purée de Pomme Mangue 4x100g Bio,"4,45",https://www.naturalia.fr/produit/dessert-pomme-mangue-4x100g
63,Purée de cacahuètes 650g Bio,"8,77",https://www.naturalia.fr/produit/puree-de-cacahuetes-650g
64,Purée de Pomme Poire 4x100g Bio,"3,75",https://www.naturalia.fr/produit/dessert-pom-poire-4x100g
65,Dani'Pom Purée Pomme Vanille +20% 840g Bio,"5,05",https://www.naturalia.fr/produit/puree-pomme-vanille-20-840g
66,Purée de Pomme Myrtille 4x100g Bio,"5,05",https://www.naturalia.fr/produit/dessert-pom-myrtille-4x100g
67,Pokibio Pomme & Fruits rouges 4x90g Bio,"5,05",https://www.naturalia.fr/produit/poki-pom-fruit-gourdes-4x90g
68,Purée pomme framboise sans sucres ajoutés 4x100G Bio,"5,30",https://www.naturalia.fr/produit/puree-pomme-framb-4x100g
69,Purée de Pomme Pruneaux 4x100g Bio,"5,05",https://www.naturalia.fr/produit/dessert-pom-pruneau-4x100g
70,Purée de pommes framboises sans sucres ajoutés 630G Bio,"6,11",https://www.naturalia.fr/produit/puree-pomme-framboise-630g
71,Poki Pomme Fraise sans sucres ajoutés 8x90g Bio,"9,38",https://www.naturalia.fr/produit/poki-pomme-fraise-8x90g
72,Purée Pomme Myrtille +20% 840g Bio,"5,87",https://www.naturalia.fr/produit/puree-pomme-myrtille-20-840g
73,Dessert Pomme Fraise sans sucres ajoutés 4x100G Bio,"4,95",https://www.naturalia.fr/produit/dessert-pom-fraise-4x100g
74,Purée Pommes Myrtille sans sucres ajoutés 360g Bio,"4,44",https://www.naturalia.fr/produit/puree-pom-myrtill-360g
75,Pokibio Pomme Banane 4x90g Bio,"5,05",https://www.naturalia.fr/produit/poki-pom-banan-gourdes-4x90g
76,Purée de pommes & pruneaux sans sucres ajoutés 630G...,"5,30",https://www.naturalia.fr/produit/puree-pomme-pruneau-630g
77,Purée Pomme Mangue Demeter sans sucres ajoutés 360g Bio,"4,34",https://www.naturalia.fr/produit/puree-pom-mangue-360g
78,Purée pomme abricot 840G Bio,"4,49",https://www.naturalia.fr/produit/puree-pomme-abricot-20-840g
79,"Dani'Pom Pomme & Abricot maxi format 1,05kg Bi...","8,11",https://www.naturalia.fr/produit/puree-pomme-abricot-1-05kg
80,Purée de Pomme Mirabelle 4x110g Bio,"5,05",https://www.naturalia.fr/produit/dessert-pom-mirabelle-4x110g
81,Purée Pomme Mangue Demeter sans sucres ajoutés 630g Bio,"5,56",https://www.naturalia.fr/produit/puree-pomme-mangue-630g
82,Purée de pommes cannelle Demeter sans sucres 360G Bio,"3,97",https://www.naturalia.fr/produit/puree-pomme-cannelle-360g
83,Purée Pomme Vanille sans sucres ajoutés 360g Bio,"4,07",https://www.naturalia.fr/produit/puree-pom-vanille-360g
84,Purée Pommes Demeter sans sucres format Family 915g Bio,"5,09",https://www.naturalia.fr/produit/puree-pommes-family-915g
85,Purée de poires sans sucres format Family 910g Bio,"7,40",https://www.naturalia.fr/produit/puree-poires-family-910g
86,Litchis dénoyautés Madagascar 425g Bio,"5,92",https://www.naturalia.fr/produit/litchis-425g-terra-etica
87,Purée Pommes Coing sans sucres ajoutés 360g Bio,"4,03",https://www.naturalia.fr/produit/puree-pom-coing-360g
88,Purée pomme banane 705g Bio,"5,09",https://www.naturalia.fr/produit/puree-pomme-banane-705g
89,Purée pomme fraise 705g Bio,"5,09",https://www.naturalia.fr/produit/puree-pomme-fraise-705g
90,Purée pomme & pêche sans sucres ajoutés 4x100G Bio,"5,00",https://www.naturalia.fr/produit/dessert-pomme-peche-4x100g
91,Ananas morceaux 240g Bio,"5,46",https://www.naturalia.fr/produit/bocal-ananas-morceaux-240g
92,"Purée pomme vanille 1,05kg Bio","7,09",https://www.naturalia.fr/produit/puree-pomme-vanille-1050g
93,Purée pommes pêches 360g Bio,"3,83",https://www.naturalia.fr/produit/puree-pomme-peche-360g
94,Purée pommes et crème de marrons - 630g Bio,"5,46",https://www.naturalia.fr/produit/puree-pomme-marron-630g
95,"Purée pomme châtaigne 1,05kg Bio","8,35",https://www.naturalia.fr/produit/puree-pomme-chataigne-1050g
96,Purée pommes mangues 2x120g Bio,"3,52",https://www.naturalia.fr/produit/puree-pommes-mangues-2x120g
97,Purée de fruits panachés 8X100g Bio,"8,93",https://www.naturalia.fr/produit/puree-fruits-panache-8x100g
98,Purée de pommes gingembre 630g Bio,"4,08",https://www.naturalia.fr/produit/puree-pomme-gingembre-630g
99,Purée de pommes 2x120g Bio,"3,21",https://www.naturalia.fr/produit/puree-de-pommes-2x120g
100,Purée de pomme mandarine 630g Bio,"6,32",https://www.naturalia.fr/catalog/product/view/id/94599/s/puree-pommes-ananas-630g/category/2/
101,"Purée pomme fruits rouges 1,05kg Bio","7,64",https://www.naturalia.fr/produit/puree-pommefruits-rouges-1050g
102,Purée de Pomme 825g,"5,05",https://www.naturalia.fr/produit/puree-pomme-fr-conversion-825g
103,"Purée de Pommes 1,65kg Bio","9,64",https://www.naturalia.fr/produit/puree-pomme-1-65kg
104,Purée de poires 1.65kg Bio,"10,91",https://www.naturalia.fr/produit/puree-poire-1-65kg
105,Purée de pommes et bananes 2x120g Bio,"3,52",https://www.naturalia.fr/produit/puree-pomme-banane-2x120g-4135068
106,Purée de pommes pêches 630g Bio,"5,40",https://www.naturalia.fr/produit/puree-pomme-peche-630g
107,Purée de pommes vanille 705g Bio,"5,09",https://www.naturalia.fr/produit/puree-pomme-vanille-705g
108,Purée de pommes passion 630g Bio,"5,50",https://www.naturalia.fr/produit/puree-pommes-passion-630g
109,Purée de pommes litchi 630g Bio,"6,07",https://www.naturalia.fr/produit/puree-pommes-litchi-630g
110,Pokibio Pomme 4x90g Bio,"4,64",https://www.naturalia.fr/produit/poki-pom-gourdes-4x90g
111,Citron beldis Bio 135g Bio,"6,53",https://www.naturalia.fr/produit/citron-confit-beldis-135g
112,Purée de pommes et fraises conversion 380g,"4,23",https://www.naturalia.fr/produit/puree-pommes-fraises-380g
113,Purée de pommes et d'abricots conversion 380g,"4,28",https://www.naturalia.fr/produit/puree-pommes-abricots-380g
114,"Purée de Pomme Banane 1,05kg Bio","7,91",https://www.naturalia.fr/produit/puree-pomme-banane-1-05kg
115,Purée de Pomme Fruits Rouges 4x100g Bio,"5,10",https://www.naturalia.fr/produit/dessert-pom-fr-rouges-4x100g
